brand_id,model_name
1,Друго
2,124
2,595
3,ILX
3,Integra
3,Mdx
3,NSX
3,Rdx
3,Rl
3,Rsx
3,Slx
3,TLX
3,Tl
3,Tsx
3,ZDX
4,145
4,146
4,147
4,155
4,156
4,156 sportwagon
4,159
4,159 sportwagon
4,164
4,166
4,33
4,4C
4,75
4,76
4,8C Competizione
4,90
4,Alfetta
4,Berlina
4,Brera
4,Crosswagon q4
4,Giulia
4,Giulietta
4,Gt
4,Gtv
4,Junior
4,MiTo
4,Spider
4,Sprint
4,Stelvio
4,Sud
4,Tonale
5,B10
5,B11
5,B12
5,B3
5,B4
5,B5
5,B6
5,B7
5,B8
5,B9
5,C1
5,C2
5,D3
5,D4
5,D5
5,Roadster
5,XD3
6,DBS
6,DBX
6,Db7
6,Db9
6,Rapide
6,V12 Vantage
6,V8 Vantage
6,Vanquish
6,Други
7,A1
7,A2
7,A3
7,A4 Allroad
7,A4
7,A5
7,A6
7,A6 Allroad
7,A7
7,A8
7,Allroad
7,Cabriolet
7,Coupe
7,E-Tron
7,E-Tron GT
7,Q2
7,Q3
7,Q4
7,Q5
7,Q6
7,Q7
7,Q8
7,Quattro
7,R8
7,RSQ3
7,RSQ8
7,RS2
7,RS3
7,RS4
7,RS5
7,RS6
7,RS7
7,S1
7,S2
7,S3
7,S4
7,S5
7,S6
7,S7
7,S8
7,SQ5
7,SQ7
7,SQ8
7,Tt
8,Arnage
8,Azure
8,Bentayga
8,Continental
8,Continental gt
8,Flying Spur
8,GT Convertible
8,Mulsanne
8,T-series
9,1-Series
9,114
9,116
9,118
9,120
9,123
9,125
9,128
9,130
9,135
9,140
9,1500
9,1600
9,1602
9,1800
9,1M
9,2-Series
9,2 Active Tourer
9,2 Gran Coupe
9,2 Gran Tourer
9,2000
9,2002
9,216
9,218
9,220
9,220 d
9,225
9,228
9,230
9,235
9,240
9,2800
9,3-Series
9,315
9,316
9,318
9,320
9,323
9,324
9,325
9,328
9,330
9,335
9,340
9,3gt
9,4-Series
9,418
9,420
9,425
9,428
9,430
9,435
9,440
9,5-Series
9,5 Gran Turismo
9,501
9,518
9,520
9,523
9,524
9,525
9,528
9,530
9,530E
9,535
9,540
9,545
9,550
9,6-Series
9,6 GT
9,620
9,628
9,630
9,633
9,635
9,640
9,645
9,650
9,7-Series
9,700
9,721
9,723
9,725
9,728
9,730
9,732
9,733
9,735
9,740
9,745
9,750
9,760
9,840
9,850
9,Izetta
9,M-Series
9,M Coupе
9,M135
9,M140
9,M2
9,M3
9,M4
9,M5
9,M6
9,M8
9,X1
9,X2
9,X3
9,X4
9,X5
9,X5M
9,X6
9,X7
9,XM
9,Z1
9,Z3
9,Z4
9,Z8
9,i3
9,i4
9,i5
9,i7
9,i8
9,iX
9,iX1
9,iX2
9,iX3
10,Chiron
10,Veyron
11,Century
11,Electra
11,Enclave
11,Invicta
11,Park avenue
11,Regal
11,Rendezvous
11,Riviera
11,Skylark
11,Skyline
12,Atto3
12,HAN
12,Seal
12,Tang
13,ATS
13,Allante
13,BLS
13,Brougham
13,CT6
13,Cts
13,DTS
13,Deville
13,Eldorado
13,Escalade
13,Fleetwood
13,STS
13,Seville
13,Srx
13,XT4
13,XT5
13,XT6
13,XTS
13,Xlr
14,Alero
14,Astro
14,Avalanche
14,Aveo
14,Beretta
14,Blazer
14,Bolt
14,Camaro
14,Caprice
14,Captiva
14,Cavalier
14,Cobalt
14,Colorado
14,Corvette
14,Cruze
14,Diamante
14,El Camino
14,Epica
14,Equinox
14,Evanda
14,Gmc
14,Hhr
14,Impala
14,Kalos
14,Lacetti
14,Lumina
14,Malibu
14,Matiz
14,Niva
14,Nova
14,Nubira
14,Orlando
14,Rezzo
14,S-10
14,Silverado
14,Spark
14,Ssr
14,Suburban
14,Tacuma
14,Tahoe
14,Tracker
14,Trailblazer
14,Transsport
14,Traverse
14,Trax
14,Volt
15,200
15,300c
15,300m
15,Cherokee
15,Crossfire
15,Daytona
15,Es
15,Gr.voyager
15,Grand cherokee
15,Gts
15,Interpid
15,Lebaron
15,Neon
15,New yorker
15,Pacifica
15,Pt cruiser
15,Saratoga
15,Sebring
15,Stratus
15,Town and Country
15,Vision
15,Voyager
15,Wrangler
16,2cv
16,Ami
16,Ami Ami
16,Ami Vibe
16,Ax
16,Axel
16,Berlingo
16,Bx
16,C - Zero
16,C-Crosser
16,C-Elysee
16,C1
16,C15
16,C2
16,C3
16,C3 Aircross
16,C3 Picasso
16,C3 pluriel
16,C4
16,C4 AIRCROSS
16,C4 Cactus
16,C4 Picasso
16,C4X
16,C5
16,C5 Aircross
16,C5X
16,C6
16,C8
16,Cx
16,DS 3 Crossback
16,DS 4 Crossback
16,DS 7 Crossback
16,DS3
16,DS4
16,DS5
16,DS7
16,Ds
16,E-Mehari
16,Evasion
16,Grand C4 Picasso
16,Gsa
16,Gx
16,Jumpy
16,Ln
16,My Ami
16,My Ami Pop
16,My Ami Vibe
16,Nemo
16,Oltcit
16,Saxo
16,Spacetourer
16,Visa
16,Xantia
16,Xm
16,Xsara
16,Xsara picasso
16,Zx
17,Ateca
17,Born
17,Formentor
17,Leon
18,1100
18,1300
18,1304
18,1307
18,1310
18,1350
18,Dokker
18,Duster
18,Jogger
18,Liberta
18,Lodgy
18,Logan
18,Nova
18,Pickup
18,Sandero
18,Solenza
18,Spring
19,Ace
19,Chairman
19,Cielo
19,Espero
19,Evanda
19,Fso
19,Kalos
19,Korando
19,Lacetti
19,Lanos
19,Leganza
19,Magnus
19,Matiz
19,Musso
19,Nexia
19,Nubira
19,Prince
19,Racer
19,Rezzo
19,Super
19,Tacuma
19,Tico
20,Applause
20,Charade
20,Charmant
20,Copen
20,Cuore
20,Feroza
20,Gran move
20,Hijet
20,Materia
20,Move
20,Rocky
20,Sharade
20,Sirion
20,Taft
20,Terios
20,Trevis
20,Wildcat
20,Yrv
21,Avenger
21,Caliber
21,Caravan
21,Challenger
21,Charger
21,Coronet
21,Dakota
21,Dart
21,Daytona
21,Durango
21,Interpid
21,Journey
21,Magnum
21,Neon
21,Nitro
21,RAM 1500
21,RAM 2500
21,RAM 3500
21,Ram
21,Shadow
21,Stealth
21,Stratus
21,Viper
22,580
22,E3
22,GLORY 500
22,IX5
22,M4-YACHT
22,T5-EVO
23,DS 3
23,DS 3 Crossback
23,DS 4
23,DS 4 Crossback
23,DS 5
23,DS 7
23,DS 7 Crossback
23,DS 9
24,296GTB
24,308
24,348
24,360 modena
24,360 spider
24,458 Italia
24,488
24,599
24,812 GTS
24,812 Superfast
24,California
24,Enzo
24,F12berlinetta
24,F430
24,F456m
24,F575m maranello
24,F612 scaglietti
24,F8
24,FF
24,GTC4Lusso
24,LaFerrari
24,Mondial 8
24,Portofino
24,Purosangue
24,Roma
24,SF 90
24,Testarossa
25,1100
25,124
25,125
25,126
25,127
25,128
25,131
25,132
25,1400
25,1500
25,1800
25,500
25,500L
25,500X
25,600
25,650
25,750
25,Albea
25,Argenta
25,Barchetta
25,Bertone
25,Brava
25,Bravo
25,Campagnola
25,Cinquecento
25,Coupe
25,Croma
25,Doblo
25,Duna
25,Fiorino
25,Freemont
25,Fullback
25,Idea
25,Linea
25,Marea
25,Multipla
25,Palio
25,Panda
25,Punto
25,Qubo
25,Regata
25,Ritmo
25,Scudo
25,Sedici
25,Seicento
25,Siena
25,Stilo
25,Strada
25,Tempra
25,Tipo
25,Topolino
25,Ulysse
25,Uno
26,12m
26,15m
26,17m
26,20m
26,Aerostar
26,B-Max
26,Bronco
26,C-max
26,Capri
26,Connect
26,Consul
26,Cortina
26,Cosworth
26,Cougar
26,Countur
26,Courier
26,Crown victoria
26,EcoSport
26,Ecoline
26,Edge
26,Escape
26,Escort
26,Everest
26,Excursion
26,Expedition
26,Explorer
26,F150
26,F250
26,F350
26,F450
26,F550
26,F650
26,F750
26,Fiesta
26,Flex
26,Focus
26,Fusion
26,GT
26,Galaxy
26,Granada
26,Grand C-Max
26,Ka
26,Kuga
26,Maverick
26,Mercury
26,Mondeo
26,Mustang
26,Orion
26,Probe
26,Puma
26,Ranger
26,Raptor
26,Rs
26,S-Max
26,Scorpio
26,Sierra
26,Sportka
26,Streetka
26,Taunus
26,Taurus
26,Thunderbird
26,Windstar
26,Zephyr
27,G70
27,G80
27,G90
27,GV60
27,GV70
27,GV80
28,Atlas
28,Atlas Pro
28,Coolray
28,Tugella
29,Acadia
29,Canyon
29,Envoy
29,Jimmy
29,Saturn
29,Savana
29,Sierra
29,Sonoma
29,Terrain
29,Tracker
29,Typhoon
29,Yukon
30,Haval H2
30,Haval H6
30,Hover Cuv
30,Hover H5
30,Hover H6
30,ORA 03
30,Poer
30,Safe
30,Steed 3
30,Steed 5
30,Steed 6
30,Steed 7
30,Voleex C10
30,Voleex C20
30,Voleex C30
30,WEY 03
30,WEY 05
31,Dargo
31,F7x
31,H2
31,H6
31,Jolion
32,Accord
32,Cbr
32,Cbx
32,City
32,Civic
32,Civic ballade
32,Concerto
32,Cr-v
32,Crosstour
32,Crx
32,Crz
32,Electric
32,Element
32,Elysion
32,Fit
32,Fr-v
32,Hr-v
32,Insight
32,Integra
32,Jazz
32,Legend
32,Logo
32,M-NV
32,Nsx
32,Odyssey
32,Passport
32,Pilot
32,Prelude
32,Quintet
32,Ridgeline
32,S2000
32,Shuttle
32,Stream
32,ZR-V
32,e
33,H1
33,H2
33,H3
34,Accent
34,Atos
34,Bayon
34,Coupe
34,Elantra
34,Equus
34,Excel
34,Galloper
34,Genesis
34,Getz
34,Grace
34,Grandeur
34,I10
34,I20
34,I30
34,I40
34,IX35
34,IX55
34,Ioniq
34,Ioniq 5
34,Ioniq 6
34,Ix20
34,Kona
34,Landskape
34,Lantra
34,Matrix
34,Palisade
34,Pony
34,Porter
34,S
34,Santa fe
34,Santamo
34,Sonata
34,Sonica
34,Starex
34,Staria
34,Stelar
34,Tb
34,Terracan
34,Trajet
34,Tucson
34,Veloster
34,Venue
34,Veracruz
34,Xg
35,Ex30
35,Ex35
35,Ex37
35,Fx 30
35,Fx 35
35,Fx 37
35,Fx 45
35,Fx 50
35,Fx45
35,G
35,G coupe
35,G sedan
35,G37
35,I
35,J
35,M
35,Q
35,Q30
35,Q40
35,Q45
35,Q50
35,Q70
35,QX30
35,QX50
35,QX56
35,QX60
35,QX70
35,QX80
35,Qx
35,Qx4
36,Amigo
36,D-max
36,Gemini
36,Piazza
36,Pickup
36,Rodeo
36,Tfs
36,Trooper
36,Vehi cross
37,Massive
38,Ineos Grenadier
39,E-S2
39,E-S4
39,J7
39,JS3
39,JS4
39,JS7
39,T8 PRO
40,Daimler
40,Daimler double six
40,Daimler six
40,E-pace
40,F-PACE
40,F-Type
40,I-Pace
40,S-type
40,Sovereign
40,Super v8
40,X-type
40,XE
40,Xf
40,Xj
40,Xjr
40,Xjs
40,Xjsc
40,Xk8
40,Xkr
41,Avenger
41,Cherokee
41,Commander
41,Compass
41,Grand Wagoneer
41,Grand cherokee
41,Patriot
41,Renegade
41,Wrangler
42,Avella delta
42,Cadenza
42,Carens
42,Carnival
42,Ceed
42,Cerato
42,Clarus
42,EV6
42,EV9
42,Forte
42,Joecs
42,Joyce
42,K3
42,K5
42,K7
42,K8
42,K9
42,Magentis
42,Mohave
42,Morning
42,Niro
42,Opirus
42,Optima
42,Picanto
42,Pride
42,Pro ceed
42,Quoris
42,Ray
42,Retona
42,Rio
42,Sedona
42,Seltos
42,Sephia
42,Shuma
42,Sorento
42,Soul
42,Spectra
42,Sportage
42,Stinger
42,Stonic
42,Telluride
42,Venga
42,Visto
42,X-Trek
42,XCeed
43,Koenigsegg CC Prototype
43,Koenigsegg CC8S
43,Koenigsegg CCR
43,Koenigsegg CCX
43,Koenigsegg CCGT
43,Koenigsegg CCXR
43,Koenigsegg CCX Edition
43,Koenigsegg CCXR Edition
43,Koenigsegg CCXR Special
43,Koenigsegg CCXR Trevita
43,Koenigsegg Agera
43,Koenigsegg Agera R
43,Koenigsegg Agera S
43,Koenigsegg One:1
43,Koenigsegg Agera RS
43,Koenigsegg Agera Final Edition
43,Koenigsegg Regera
43,Koenigsegg Jesko
43,Koenigsegg Jesko Absolut
43,Koenigsegg Gemera
43,Koenigsegg CC850
44,1200
44,1300
44,1500
44,1600
44,2101
44,21011
44,21012
44,21013
44,21015
44,2102
44,2103
44,2104
44,21043
44,2105
44,21051
44,21053
44,2106
44,21061
44,21063
44,2107
44,21074
44,2108
44,21083
44,2109
44,21093
44,21099
44,2110
44,21213
44,Granta
44,Kalina
44,Niva
44,Nova
44,Oka
44,Priora
44,Samara
44,Travel
44,Urban
44,Vesta
44,XRAY
45,Aventador
45,Countach
45,Diablo
45,Gallardo
45,Huracan
45,Murcielago
45,Reventon
45,Revuelto
45,Urus
45,Veneno
46,A112
46,Ardea
46,Aurelia
46,Beta
46,Dedra
46,Delta
46,Flaminia
46,Flavia
46,Fulvia
46,Kappa
46,Lybra
46,Musa
46,Phedra
46,Prisma
46,Thema
46,Thesis
46,Unior
46,Voyager
46,Y
46,Y10
46,Ypsilon
46,Zeta
47,Defender
47,Discovery
47,Discovery Sport
47,Evoque
47,Freelander
47,Range Rover Evoque
47,Range Rover Sport
47,Range Rover Velar
47,Range rover
48,CT 200h
48,ES-Series
48,ES 300
48,ES 330
48,ES 350
48,GS-Series
48,GS 200t
48,GS 250
48,GS 300
48,GS 350
48,GS 430
48,GS 450h
48,GS 460
48,GS F
48,GX-Series
48,GX 460
48,GX 470
48,GX 550
48,IS-Series
48,IS 200
48,IS 220d
48,IS 250
48,IS 300
48,IS 350
48,IS F
48,LBX
48,LC-Series
48,LC 500
48,LC 500h
48,LC F
48,LFA
48,LS-Series
48,LS 400
48,LS 430
48,LS 460
48,LS 500
48,LS 600
48,LX-Series
48,LX 450d
48,LX 470
48,LX 500d
48,LX 570
48,LX 600
48,NX-Series
48,NX 200t
48,NX 300
48,NX 300h
48,NX 350h
48,NX 450
48,RC-Series
48,RC 200t
48,RC 300h
48,RC 350
48,RC F
48,RX-Series
48,RX 200t
48,RX 300
48,RX 330
48,RX 350
48,RX 350h
48,RX 400
48,RX 400h
48,RX 450
48,RX 450h
48,RX 450h plus
48,RX 500
48,RX 500h
48,RZ
48,SC-Series
48,SC 400
48,SC 430
48,TX 350
48,UX-Series
48,UX 200
48,UX 250h
48,UX 300e
48,UX 300h
49,Aviator
49,Continental
49,Ls
49,MKC
49,MKS
49,MTK
49,Mark
49,Mark Lt
49,Mkx
49,Mkz
49,Navigator
49,Town car
49,Zephyr
50,Elise
50,Europe
50,Evora
50,Exige
50,Eletre
50,Emira
51,01
51,Linc & Co
51,Link & Co
52,Armada
52,Bolero
52,Cl
52,Commander
52,Goa
52,KUV 100
52,Marshall
52,Quanto
52,Scorpio
52,XUV 500
53,3200 gt
53,Biturbo
53,Coupe gt
53,Ghibli
53,GranCabrio
53,GranTurismo
53,Gransport
53,Grecale
53,Levante
53,MC20
53,Quattroporte
53,Spyder
53,Zagato
54,57
54,62
54,650
54,S 560
54,S580
55,121
55,2
55,3
55,323
55,5
55,6
55,626
55,929
55,B2200
55,B2500
55,B2600
55,BT-50
55,CX-30
55,CX-5
55,CX-60
55,CX-7
55,CX-9
55,Demio
55,MX-30
55,Mpv
55,Mx-3
55,Mx-5
55,Mx-6
55,Premacy
55,Rx-7
55,Rx-8
55,Tribute
55,Xedos
55,СХ-3
56,540C Coupe
56,570S Coupe
56,650S
56,675LT
56,720 S
56,F1
56,GT
56,MP4-12C
56,P1
57,110
57,111
57,113
57,114
57,115
57,116
57,123
57,124
57,126
57,126-260
57,150
57,170
57,180
57,190
57,200
57,220
57,230
57,240
57,250
57,260
57,280
57,290
57,300
57,320
57,350
57,380
57,420
57,450
57,500
57,560
57,600
57,A-class
57,A 140
57,A 150
57,A 160
57,A 170
57,A 180
57,A 190
57,A 200
57,A 210
57,A 220
57,A 250
57,A 35
57,A 45
57,A45 AMG
57,AMG GT
57,AMG GT C
57,AMG GT R
57,AMG GT S
57,Adenauer
57,B-class
57,B 150
57,B 160
57,B 170
57,B 180
57,B 200
57,B 220
57,B 250
57,C-class
57,C 160
57,C 180
57,C 200
57,C 220
57,C 230
57,C 240
57,C 250
57,C 270
57,C 280
57,C 30 AMG
57,C 300
57,C 32 AMG
57,C 320
57,C 350
57,C 36 AMG
57,C 400
57,C 43 AMG
57,C 450 AMG
57,C 55 AMG
57,C 63 AMG
57,CL-class
57,CL 230
57,CL 320
57,CL 420
57,CL 500
57,CL 55 AMG
57,CL 600
57,CL 63 AMG
57,CL 65 AMG
57,CLA-class
57,CLA 180
57,CLA 200
57,CLA 220
57,CLA 250
57,CLA 350
57,CLA 350 AMG
57,CLA 45 AMG
57,CLC-class
57,CLC 160
57,CLC 180
57,CLC 200
57,CLC 220
57,CLC 230
57,CLC 250
57,CLC 350
57,CLE
57,CLK-class
57,CLK 55 AMG
57,CLK 63 AMG
57,CLS-class
57,CLS 220
57,CLS 250
57,CLS 300
57,CLS 320
57,CLS 350
57,CLS 400
57,CLS 450
57,CLS 500
57,E-class
57,E 200
57,E 220
57,E 230
57,E 240
57,E 250
57,E 260
57,E 280
57,E 300
57,E 320
57,E 350
57,E 400
57,E 500
57,E 55 AMG
57,E 63 AMG
57,G-class
57,G 320
57,G 350
57,G 500
57,G 55 AMG
57,G 63 AMG
57,G 65 AMG
57,GLA-class
57,GLA 200
57,GLA 220
57,GLA 250
57,GLA 35 AMG
57,GLA 45 AMG
57,GLB-class
57,GLB 200
57,GLB 220
57,GLB 250
57,GLC-class
57,GLC 200
57,GLC 220
57,GLC 250
57,GLC 300
57,GLC 43 AMG
57,GLC 63 AMG
57,GLE-class
57,GLE 300
57,GLE 350
57,GLE 400
57,GLE 450
57,GLE 500
57,GLE 63 AMG
57,GLS-class
57,GLS 350
57,GLS 400
57,GLS 450
57,GLS 500
57,GLS 63 AMG
57,S-class
57,S 320
57,S 350
57,S 400
57,S 450
57,S 500
57,S 550
57,S 600
57,S 63 AMG
57,S 65 AMG
57,SLS AMG
57,SL-class
57,SL 300
57,SL 320
57,SL 350
57,SL 500
57,SL 55 AMG
57,SL 63 AMG
57,SL 65 AMG
57,V-class
57,V 220
57,V 250
58,4
58,5
58,EHS
58,GS Exclusive
58,MG4
58,Marvel R
58,Mga
58,Mgb
58,Mgf
58,Tf
58,ZS EV
58,Zr
58,Zs
58,Zt
58,Zt-t
59,Clubman
59,Cooper
59,Cooper cabrio
59,Cooper s
59,Cooper s cabrio
59,Countryman
59,Coupe
59,D one
59,John Cooper Works
59,One
59,One cabrio
59,Paceman
60,3000 gt
60,ASX
60,Attrage
60,Carisma
60,Colt
60,Cordia
60,Eclipse
60,Eclipse Cross
60,Galant
60,Grandis
60,I-MiEV
60,L200
60,Lancer
60,Mirage
60,Montero
60,Outlander
60,Pajero
60,Pajero pinin
60,Pajero sport
60,RVR
60,Sapporo
60,Sigma
60,Space gear
60,Space runner
60,Space star
60,Space wagon
60,Starion
60,Tredia
61,Auro8
62,1360
62,1361
62,1500
62,2136
62,2138
62,2140
62,2141
62,21412
62,21417
62,2142
62,2715
62,401
62,403
62,407
62,408
62,412
62,426
62,427
62,503
62,Aleko
62,Иж
63,100 nx
63,200 sx
63,240 z
63,280 z
63,300 zx
63,350z
63,370Z
63,Acura
63,Almera
63,Almera tino
63,Altima
63,Ariya
63,Armada
63,Bluebird
63,Cedric
63,Cherry
63,Cube
63,Figaro
63,Frontier
63,Gt-r
63,Juke
63,Kubistar
63,Laurel
63,Leaf
63,Maxima
63,Micra
63,Murano
63,NP300
63,Navara
63,Note
63,Pathfinder
63,Patrol
63,Pickup
63,Pixo
63,Prairie
63,Primera
63,Pulsar
63,Qashqai
63,Quest
63,Rogue
63,Sentra
63,Serena
63,Silvia
63,Skyline
63,Stantza
63,Sunny
63,Teana
63,Terrano
63,Tiida
63,Titan crew cab
63,Titan king
63,Versa
63,X-trail
63,Xterra
63,e-NV200
64,Adam
64,Admiral
64,Agila
64,Ampera
64,Antara
64,Ascona
64,Astra
64,Calibra
64,Campo
64,Cascada
64,Combo
64,Commodore
64,Corsa
64,Crossland X
64,Diplomat
64,Frontera
64,Grandland X
64,Gt
64,Insignia
64,Kadett
64,Kapitaen
64,Karl
64,Manta
64,Meriva
64,Mokka
64,Mokka X
64,Monterey
64,Monza
64,Omega
64,Rekord
64,Senator
64,Signum
64,Sintra
64,Speedster
64,Tigra
64,Vectra
64,Zafira
65,Zonda
65,Zonda S
65,Zonda Roadster
65,Zonda F
65,Zonda F Roadster
65,Zonda Cinque Roadster
65,Zonda Cinque
65,Huayra
65,Huayra Roadster
65,Imola
65,Utopia
66,1007
66,104
66,106
66,107
66,108
66,2008
66,202
66,204
66,205
66,206
66,207
66,208
66,3008
66,301
66,304
66,305
66,306
66,307
66,308
66,309
66,4007
66,4008
66,402
66,403
66,404
66,405
66,406
66,407
66,408
66,5008
66,504
66,505
66,508
66,604
66,605
66,607
66,806
66,807
66,Bipper
66,Expert
66,Partner
66,RCZ
66,Range
66,Rifter
66,Traveler
66,iOn
67,Aztec
67,Bonneville
67,Fiero
67,Firebird
67,G6
67,Grand am
67,Grand prix
67,Gto
67,Lemans
67,Solstice
67,Sunbird
67,Sunfire
67,Tempest
67,Torrent
67,Trans am
67,Trans sport
67,Vibe
68,Acclaim
68,Barracuda
68,Breeze
68,Colt
68,Grand voyager
68,Horizon
68,Laser
68,Neon
68,Prowler
68,Reliant
68,Road runner
68,Sundance
68,Volare
68,Voyager
69,356 Speedster
69,911
69,918 Spyder
69,924
69,928
69,935
69,944
69,956
69,968
69,991
69,993
69,996
69,Boxster
69,Cayenne
69,Cayman
69,Macan
69,Panamera
69,Taycan
70,1500
70,2500
70,3500
71,10
71,11
71,12
71,14
71,16
71,18
71,19
71,20
71,21
71,25
71,29
71,30
71,4
71,5
71,8
71,9
71,Alpine
71,Arkana
71,Austral
71,Avantime
71,Bakara
71,Bulgar
71,Captur
71,Caravelle
71,Chamade
71,Clio
71,Duster
71,Espace
71,Express
71,Floride
71,Fluence
71,Fuego
71,Grand espace
71,Grand scenic
71,K-ZE
71,Kadjar
71,Kangoo
71,Koleos
71,Laguna
71,Laguna Coupe
71,Latitude
71,Megane
71,Modus
71,Nevada
71,Rapid
71,Safrane
71,Scenic
71,Scenic rx4
71,Symbol
71,Talisman
71,Twingo
71,Twizy
71,Vel satis
71,Wind
71,Zoe
72,Nevera
73,R1S
73,R1T
74,Cullinan
74,Dawn
74,Ghost
74,Phantom
74,Rieju
74,Silver Cloud
74,Silver Seraph
74,Silver Spur
74,Speter
74,Wraith
75,111
75,114
75,200
75,213
75,214
75,216
75,220
75,25
75,400
75,414
75,416
75,418
75,420
75,45
75,600
75,618
75,620
75,623
75,75
75,800
75,820
75,825
75,827
75,City
75,Estate
75,Maestro
75,Metro
75,Mini
75,Montego
75,Streetwise
76,9-3
76,9-4X
76,9-5
76,9-7x
76,900
76,9000
77,Alhambra
77,Altea
77,Arona
77,Arosa
77,Ateca
77,Cordoba
77,Cupra
77,Exeo
77,Fura
77,Ibiza
77,Inka
77,Leon
77,Malaga
77,Marbella
77,Mii
77,Ronda
77,Tarraco
77,Terra
77,Toledo
77,Vario
78,100
78,1000
78,105
78,120
78,125
78,130
78,135
78,136
78,Citigo
78,Enyaq
78,Fabia
78,Favorit
78,Felicia
78,Forman
78,Kamiq
78,Karoq
78,Kodiaq
78,Octavia
78,Praktik
78,Rapid
78,Roomster
78,Scala
78,Superb
78,Yeti
79,Forfour
79,Fortwo
79,Mc
79,Roadster
79,Smart #1
79,Smart #3
80,Actyon
80,Actyon Sports
80,Korando
80,Korando Sports
80,Kyron
80,Musso
80,Rexton
80,Tivoli
80,Torres
80,XLV
81,1800
81,Ascent
81,B10 Tribeka
81,B9 tribeca
81,BRZ
81,Baja
81,E12
81,Forester
81,G3x justy
81,Impreza
81,Justy
81,Legacy
81,Leone
81,Levorg
81,Libero
81,Outback
81,Solterra
81,Svx
81,Trezia
81,Vivio
81,XT
81,XV
82,Across
82,Alto
82,Baleno
82,Celerio
82,Forenza
82,Grand Vitara
82,Ignis
82,Jimny
82,Kizashi
82,Liana
82,Maruti
82,Reno
82,SX4
82,SX4 S-Cross
82,Samurai
82,Santana
82,Sg
82,Sidekick
82,Sj
82,Splash
82,Swace
82,Swift
82,Vitara
82,Wagon R
82,X-90
82,XL-7
83,Aria
83,Estate
83,Indica
83,Mint
83,Nano
83,Safari
83,Sierra
83,Sumo
83,Telcoline
83,Xenon
84,Cybertruck
84,Model 3
84,Model S
84,Model X
84,Model Y
84,Roadster
84,Roadster Sport
85,4runner
85,Alphard
85,Auris
85,Avalon
85,Avensis
85,Avensis verso
85,Aygo
85,C-HR
85,Camry
85,Carina
85,Celica
85,Corolla
85,Corolla Cross
85,Corolla Matrix
85,Corolla verso
85,Cressida
85,Crown
85,Fj cruiser
85,GR86
85,GT86
85,Harrier
85,Highlander
85,Hilux
85,IQ
85,Land cruiser
85,Matrix
85,Mirai
85,Mr2
85,Paseo
85,Picnic
85,Previa
85,Prius
85,Proace City
85,Proace City Verso
85,Rav4
85,Scion
85,Sequoia
85,Sienna
85,Starlet
85,Suarer
85,Supra
85,Tacoma
85,Tercel
85,Tundra
85,Urban Cruiser
85,Venza
85,Verso
85,Verso S
85,Yaris
85,Yaris Cross
85,Yaris verso
85,bZ4X
86,600
86,601
86,Combi
86,T 1.1
87,1200
87,1300
87,1302
87,1303
87,1500
87,1600
87,Alltrack
87,Amarok
87,Arteon
87,Atlas
87,Beetle
87,Bora
87,CC
87,Caddy
87,Corrado
87,Derby
87,Eos
87,Fox
87,Golf
87,Golf Plus
87,Golf Variant
87,ID.3
87,ID.4
87,ID.5
87,ID.6
87,ID.7
87,ID.Buzz
87,Jetta
87,K 70
87,Karmann-ghia
87,Lupo
87,Multivan
87,New beetle
87,Passat
87,Phaeton
87,Polo
87,Rabbit
87,Santana
87,Scirocco
87,Sharan
87,Sportsvan
87,T-Cross
87,T-Roc
87,Taigo
87,Taro
87,Tiguan
87,Touareg
87,Touran
87,Up
87,Vento
88,142
88,144
88,145
88,164
88,1800 es
88,240
88,244
88,245
88,262 c
88,264
88,340
88,343
88,344
88,345
88,360
88,440
88,460
88,480
88,66
88,740
88,744
88,745
88,760
88,765
88,770
88,780
88,850
88,940
88,960
88,C30
88,C40
88,C70
88,EX30
88,P 1800
88,S40
88,S60
88,S70
88,S80
88,S90
88,V40
88,V40 Cross Country
88,V50
88,V60
88,V60 Cross Country
88,V70
88,V90
88,V90 Cross Country
88,XC40
88,XC60
88,Xc70
88,Xc90
89,22
89,24
89,3102
89,3110
89,3111
89,M 20
89,M 21
89,Siber
89,VS
90,03
90,05
90,Coffee 01
91,ST1
91,TS1
91,TS1 GT
91,TSR
91,TSR-S
91,TSR-GT
91,Aurora
